<?xml version="1.0" encoding="UTF-8"?>
<con:soapui-project id="c6d0d4b0-c858-48ea-a612-8cac2e63a804" activeEnvironment="Default" name="CaseStudyRestAPI" resourceRoot="${projectDir}" soapui-version="5.6.0" abortOnError="false" runType="SEQUENTIAL" encryptionMode="Not encrypted" updated="3.7.0 2021-03-30T19:14:40Z" xmlns:con="http://eviware.com/soapui/config">
  <con:settings/>
  <con:interface xsi:type="con:RestService" id="d5911485-ebe7-4462-8e71-2f415095d77d" wadlVersion="http://wadl.dev.java.net/2009/02" name="http://rest-api.upskills.in" type="rest" xmlns:xsi="http://www.w3.org/2001/XMLSchema-instance">
    <con:settings/>
    <con:definitionCache type="TEXT" rootPart=""/>
    <con:endpoints>
      <con:endpoint>http://rest-api.upskills.in</con:endpoint>
    </con:endpoints>
    <con:resource name="Client_credentials" path="/api/rest_admin/oauth2/token/client_credentials" id="aebb2c2b-8f90-4417-8834-0c01042fa4c8">
      <con:settings/>
      <con:parameters/>
      <con:method name="Client_credentials 1" id="6c11fac2-c32d-4206-953d-cdb12d4f4183" method="POST">
        <con:settings/>
        <con:parameters/>
        <con:representation type="RESPONSE">
          <con:mediaType>application/json; charset=utf-8</con:mediaType>
          <con:status>200</con:status>
          <con:params/>
          <con:element xmlns:cli="http://rest-api.upskills.in/api/rest_admin/oauth2/token/client_credentials">cli:Response</con:element>
        </con:representation>
        <con:representation type="REQUEST">
          <con:mediaType>application/json</con:mediaType>
          <con:params/>
        </con:representation>
        <con:request name="Request 1" id="cfd78c64-88eb-4e18-b032-deeeffc5f293" mediaType="application/json" postQueryString="false">
          <con:settings>
            <con:setting id="com.eviware.soapui.impl.wsdl.WsdlRequest@request-headers">&lt;entry key="Authorization" value="Basic dXBza2lsbHNfcmVzdF9hZG1pbl9vYXV0aF9jbGllbnQ6dXBza2lsbHNfcmVzdF9hZG1pbl9vYXV0aF9zZWNyZXQ=" xmlns="http://eviware.com/soapui/config"/></con:setting>
          </con:settings>
          <con:endpoint>http://rest-api.upskills.in</con:endpoint>
          <con:request/>
          <con:originalUri>http://rest-api.upskills.in/api/rest_admin/oauth2/token/client_credentials</con:originalUri>
          <con:credentials>
            <con:selectedAuthProfile>No Authorization</con:selectedAuthProfile>
            <con:authType>No Authorization</con:authType>
          </con:credentials>
          <con:jmsConfig JMSDeliveryMode="PERSISTENT"/>
          <con:jmsPropertyConfig/>
          <con:parameters/>
        </con:request>
      </con:method>
    </con:resource>
  </con:interface>
  <con:interface xsi:type="con:RestService" id="6a54550f-ea8a-4481-83c5-bd5dac9d2c7b" wadlVersion="http://wadl.dev.java.net/2009/02" name="http://rest-api.upskills.in" type="rest" xmlns:xsi="http://www.w3.org/2001/XMLSchema-instance">
    <con:settings/>
    
    <con:definitionCache type="TEXT" rootPart=""/><con:endpoints>
      <con:endpoint>http://rest-api.upskills.in</con:endpoint>
    </con:endpoints>
    <con:resource name="Login" path="/api/rest_admin/login" id="c71acadd-2eeb-43ea-80b0-643844327f89">
      <con:settings/>
      <con:parameters/>
      <con:method name="Login 1" id="6910f15e-a4dc-4703-8e42-aefba6a63a1a" method="POST">
        <con:settings/>
        <con:parameters/>
        <con:representation type="FAULT">
          <con:mediaType>application/json; charset=utf-8</con:mediaType>
          <con:status>401 400</con:status>
          <con:params/>
          <con:element xmlns:log="http://rest-api.upskills.in/api/rest_admin/login">log:Fault</con:element>
        </con:representation>
        <con:representation type="REQUEST">
          <con:mediaType>application/json</con:mediaType>
          <con:params/>
        </con:representation>
        <con:representation type="REQUEST">
          <con:mediaType>application/x-www-form-urlencoded</con:mediaType>
          <con:params/>
        </con:representation>
        <con:representation type="RESPONSE">
          <con:mediaType>application/json; charset=utf-8</con:mediaType>
          <con:status>200</con:status>
          <con:params/>
          <con:element xmlns:log="http://rest-api.upskills.in/api/rest_admin/login">log:Response</con:element>
        </con:representation>
        <con:request name="Login" id="4384f392-fac4-4d2a-b5fc-b63b9c0ebfa4" mediaType="application/json" postQueryString="false">
          <con:settings>
            <con:setting id="com.eviware.soapui.impl.wsdl.WsdlRequest@request-headers">&lt;entry key="Authorization" value="bearer 316cd88433cfb44e97df89938f5645e4d301dbb1" xmlns="http://eviware.com/soapui/config"/></con:setting>
          </con:settings>
          <con:endpoint>http://rest-api.upskills.in</con:endpoint>
          <con:request>{
  "username": "admin",
  "password": "admin"
}</con:request>
          <con:originalUri>http://rest-api.upskills.in/api/rest_admin/login</con:originalUri>
          <con:credentials>
            <con:selectedAuthProfile>No Authorization</con:selectedAuthProfile>
            <con:authType>No Authorization</con:authType>
          </con:credentials>
          <con:jmsConfig JMSDeliveryMode="PERSISTENT"/>
          <con:jmsPropertyConfig/>
          <con:parameters/>
        </con:request>
      </con:method>
    </con:resource>
  </con:interface>
  <con:interface xsi:type="con:RestService" id="3d8d755b-c4ab-48b5-9123-73ab7d1c4475" wadlVersion="http://wadl.dev.java.net/2009/02" name="http://rest-api.upskills.in" type="rest" xmlns:xsi="http://www.w3.org/2001/XMLSchema-instance"><con:settings/><con:definitionCache type="TEXT" rootPart=""/><con:endpoints><con:endpoint>http://rest-api.upskills.in</con:endpoint></con:endpoints><con:resource name="Customers" path="/api/rest_admin/customers" id="a433fa25-9fe3-43d0-a958-9d212e605acc"><con:settings/><con:parameters/><con:method name="Customers 1" id="fc73e5ff-49e5-4f62-8789-6ca194a28fb9" method="POST"><con:settings/><con:parameters/><con:representation type="REQUEST"><con:mediaType>application/json</con:mediaType><con:params/></con:representation><con:representation type="FAULT"><con:mediaType>application/json; charset=utf-8</con:mediaType><con:status>401 403 400</con:status><con:params/><con:element xmlns:cus="http://rest-api.upskills.in/api/rest_admin/customers">cus:Fault</con:element></con:representation><con:representation type="RESPONSE"><con:mediaType>application/json; charset=utf-8</con:mediaType><con:status>200</con:status><con:params/><con:element xmlns:cus="http://rest-api.upskills.in/api/rest_admin/customers">cus:Response</con:element></con:representation><con:request name="CreateCustomer" id="28bb4f5e-9243-4f8e-9449-135359deaf27" mediaType="application/json" postQueryString="false"><con:settings><con:setting id="com.eviware.soapui.impl.wsdl.WsdlRequest@request-headers">&lt;entry key="Content-Type" value="application/json" xmlns="http://eviware.com/soapui/config"/></con:setting></con:settings><con:endpoint>http://rest-api.upskills.in</con:endpoint><con:request>{
  "firstname": "Demo",
  "lastname": "User",
  "email": "nash1@vipmail..hu",
  "password": "password",
  "confirm": "password",
  "telephone": "1-541-754-3010",
  "fax": "1-541-754-3010",
  "newsletter": "1",
  "status": "1",
  "approved": "1",
  "safe": "1",
  "customer_group_id": "1",
  "custom_field": {
    "1": "1985-02-01",
    "2": "2"
  },
  "address": [
    {
      "firstname": "Demo",
      "lastname": "User",
      "company": "XYZ LTD.",
      "city": "Berlin",
      "address_1": "Demo street",
      "country_id": "81",
      "postcode": "1111",
      "zone_id": "1256",
      "address_2": "Long street 33",
      "address_id": "10",
      "default": "1",
      "custom_field": {
        "3": "https://rest-api.upskills.in"
      }
    }
  ],
  "affiliate": {
    "company": "company",
    "website": "http://demo.com",
    "tracking": "Tracking number",
    "commission": "3",
    "tax": "99998888",
    "cheque": "Demo",
    "paypal": "demo@demo.com",
    "bank_name": "Bank Name",
    "bank_branch_number": "ABA/BSB number (Branch Number)",
    "bank_swift_code": "SWIFT Code",
    "bank_account_name": "Account Name",
    "bank_account_number": "Account Number",
    "status": "1",
    "payment": "paypal",
    "custom_field": {
      "1": "custom field"
    }
  }
}</con:request><con:originalUri>http://rest-api.upskills.in/api/rest_admin/customers</con:originalUri><con:credentials><con:authType>No Authorization</con:authType></con:credentials><con:jmsConfig JMSDeliveryMode="PERSISTENT"/><con:jmsPropertyConfig/><con:parameters/></con:request></con:method></con:resource></con:interface><con:interface xsi:type="con:RestService" id="57702c27-18e7-4155-8b37-328cab07f5da" wadlVersion="http://wadl.dev.java.net/2009/02" name="http://rest-api.upskills.in" type="rest" xmlns:xsi="http://www.w3.org/2001/XMLSchema-instance"><con:settings/><con:definitionCache/><con:endpoints><con:endpoint>http://rest-api.upskills.in</con:endpoint></con:endpoints><con:resource name="Products" path="/api/rest_admin/products" id="926a98b2-0488-4df7-9f70-e4684645dd4c"><con:settings/><con:parameters/><con:method name="Products 1" id="d75d9faf-5b23-408e-9b61-73753d8ba80a" method="POST"><con:settings/><con:parameters/><con:representation type="REQUEST"><con:mediaType>application/json</con:mediaType><con:params/></con:representation><con:representation type="FAULT"><con:mediaType>application/json; charset=utf-8</con:mediaType><con:status>401</con:status><con:params/><con:element xmlns:prod="http://rest-api.upskills.in/api/rest_admin/products">prod:Fault</con:element></con:representation><con:request name="Request 1" id="60b7f03e-c93e-49e8-ba32-046f45ee52ec" mediaType="application/json" postQueryString="false"><con:settings><con:setting id="com.eviware.soapui.impl.wsdl.WsdlRequest@request-headers">&lt;xml-fragment/></con:setting></con:settings><con:endpoint>http://rest-api.upskills.in</con:endpoint><con:request>{
"model": "Lenovo Ideapad Laptop",
 "quantity": "1000",
 "price": "44000.00",
 "product_description": [
    {
      "name": "Lenovo IdeaPad S100", 
      "meta_title": "Lenovo IdeaPad S100"
    }
  ]
}</con:request><con:originalUri>http://rest-api.upskills.in/api/rest_admin/products</con:originalUri><con:credentials><con:authType>No Authorization</con:authType></con:credentials><con:jmsConfig JMSDeliveryMode="PERSISTENT"/><con:jmsPropertyConfig/><con:parameters/></con:request></con:method></con:resource></con:interface><con:testSuite id="4f0f3fbf-2c5d-4f9b-b2dc-adef583723ac" name="RestAPI">
    <con:settings/>
    <con:runType>SEQUENTIAL</con:runType>
    <con:testCase id="f869ef53-d9b2-4ee0-bb64-591c31502a9f" failOnError="true" failTestCaseOnErrors="true" keepSession="false" maxResults="0" name="TC_001" searchProperties="true">
      <con:settings/>
      <con:testStep type="restrequest" name="GetToken" id="0cecc7ce-2525-4368-a1e0-356d87ae5f23">
        <con:settings/>
        <con:config service="http://rest-api.upskills.in" resourcePath="/api/rest_admin/oauth2/token/client_credentials" methodName="Client_credentials 1" xsi:type="con:RestRequestStep" xmlns:xsi="http://www.w3.org/2001/XMLSchema-instance">
          <con:restRequest name="GetToken" id="cfd78c64-88eb-4e18-b032-deeeffc5f293" mediaType="application/json" postQueryString="false">
            <con:settings>
              <con:setting id="com.eviware.soapui.impl.wsdl.WsdlRequest@request-headers">&lt;xml-fragment xmlns:con="http://eviware.com/soapui/config">&#13;
  &lt;con:entry key="Authorization" value="Basic dXBza2lsbHNfcmVzdF9hZG1pbl9vYXV0aF9jbGllbnQ6dXBza2lsbHNfcmVzdF9hZG1pbl9vYXV0aF9zZWNyZXQ="/>&#13;
  &lt;con:entry key="Authorization" value="Basic dXBza2lsbHNfcmVzdF9hZG1pbl9vYXV0aF9jbGllbnQ6dXBza2lsbHNfcmVzdF9hZG1pbl9vYXV0aF9zZWNyZXQ="/>&#13;
&lt;/xml-fragment></con:setting>
            </con:settings>
            <con:endpoint>http://rest-api.upskills.in</con:endpoint>
            <con:request/>
            <con:originalUri>http://rest-api.upskills.in/api/rest_admin/oauth2/token/client_credentials</con:originalUri>
            <con:assertion type="Valid HTTP Status Codes" id="d50588e0-55a8-49eb-b476-6ff5a2acd844" name="Valid HTTP Status Codes">
              <con:settings/>
              <con:configuration>
                <codes>200</codes>
              </con:configuration>
            </con:assertion>
            <con:assertion type="GroovyScriptAssertion" id="a1c2f967-1c80-4d10-ae1f-bfae28c49cf2" name="Script Assertion">
              <con:configuration><scriptText>def json = new groovy.json.JsonSlurper().parseText(context.response)
def token = json.data.access_token
context.testCase.setPropertyValue('AccessToken', token)
context.testCase.testSuite.project.setPropertyValue('AccessToken', token)
log.info context.testCase.getPropertyValue('AccessToken')</scriptText></con:configuration>
            </con:assertion>
            <con:credentials>
              <con:selectedAuthProfile>No Authorization</con:selectedAuthProfile>
              <con:authType>No Authorization</con:authType>
            </con:credentials>
            <con:jmsConfig JMSDeliveryMode="PERSISTENT"/>
            <con:jmsPropertyConfig/>
            <con:parameters/>
          </con:restRequest>
        </con:config>
      </con:testStep>
      
      
      <con:properties>
        <con:property>
          <con:name>AccessToken</con:name>
          <con:value>31dc72bf65ada91ca8aa0bbb1e494f92116b1f80</con:value>
        </con:property>
      <con:property><con:name>User</con:name><con:value>upskills_admin</con:value></con:property><con:property><con:name>Password</con:name><con:value>Talent4$$</con:value></con:property></con:properties>
      <con:reportParameters/>
    </con:testCase>
    <con:testCase id="39508b7e-d67a-40a8-bd54-09ebb5b68ac2" failOnError="true" failTestCaseOnErrors="true" keepSession="false" maxResults="0" name="TC_002" searchProperties="true">
      <con:settings/>
      <con:testStep type="restrequest" name="GetToken" id="01feee65-41ed-40e6-97a5-2d5ae3157173">
        <con:settings/>
        <con:config service="http://rest-api.upskills.in" resourcePath="/api/rest_admin/oauth2/token/client_credentials" methodName="Client_credentials 1" xsi:type="con:RestRequestStep" xmlns:xsi="http://www.w3.org/2001/XMLSchema-instance">
          <con:restRequest name="GetToken" id="cfd78c64-88eb-4e18-b032-deeeffc5f293" mediaType="application/json" postQueryString="false">
            <con:settings>
              <con:setting id="com.eviware.soapui.impl.wsdl.WsdlRequest@request-headers">&lt;xml-fragment xmlns:con="http://eviware.com/soapui/config">&#13;
  &lt;con:entry key="Authorization" value="Basic dXBza2lsbHNfcmVzdF9hZG1pbl9vYXV0aF9jbGllbnQ6dXBza2lsbHNfcmVzdF9hZG1pbl9vYXV0aF9zZWNyZXQ="/>&#13;
  &lt;con:entry key="Authorization" value="Basic dXBza2lsbHNfcmVzdF9hZG1pbl9vYXV0aF9jbGllbnQ6dXBza2lsbHNfcmVzdF9hZG1pbl9vYXV0aF9zZWNyZXQ="/>&#13;
&lt;/xml-fragment></con:setting>
            </con:settings>
            <con:endpoint>http://rest-api.upskills.in</con:endpoint>
            <con:request/>
            <con:originalUri>http://rest-api.upskills.in/api/rest_admin/oauth2/token/client_credentials</con:originalUri>
            <con:assertion type="Valid HTTP Status Codes" id="d50588e0-55a8-49eb-b476-6ff5a2acd844" name="Valid HTTP Status Codes">
              <con:settings/>
              <con:configuration>
                <codes>200</codes>
              </con:configuration>
            </con:assertion>
            <con:assertion type="GroovyScriptAssertion" id="a1c2f967-1c80-4d10-ae1f-bfae28c49cf2" name="Script Assertion">
              <con:configuration><scriptText>def json = new groovy.json.JsonSlurper().parseText(context.response)
def token = json.data.access_token
context.testCase.setPropertyValue('AccessToken', token)
context.testCase.testSuite.project.setPropertyValue('AccessToken', token)
log.info context.testCase.getPropertyValue('AccessToken')</scriptText></con:configuration>
            </con:assertion>
            <con:credentials>
              <con:selectedAuthProfile>No Authorization</con:selectedAuthProfile>
              <con:authType>No Authorization</con:authType>
            </con:credentials>
            <con:jmsConfig JMSDeliveryMode="PERSISTENT"/>
            <con:jmsPropertyConfig/>
            <con:parameters/>
          </con:restRequest>
        </con:config>
      </con:testStep>
      <con:testStep type="groovy" name="GetLoginDetails" id="34b94c4c-b9d3-401f-9dec-9b49d51443a9">
        <con:settings/>
        <con:config><script>

import jxl.*                             
import jxl.write.*
import jxl.read.biff.BiffException;
groovyutils = new com.eviware.soapui.support.GroovyUtils(context)
projectpath = groovyutils.projectPath

Workbook wk = Workbook.getWorkbook(new File(projectpath+"\\login.xls"));
def s1 = wk.getSheet(0);
def r = s1.getRows();
def Cell c= s1.getCell(0, 0) 
def Cell d= s1.getCell(1, 0) 
context.testCase.setPropertyValue('User',c.getContents())
context.testCase.setPropertyValue('Password',d.getContents())



</script></con:config>
      </con:testStep>
      <con:testStep type="restrequest" name="Login" id="b278934f-2596-4f71-bde0-92913d58d543">
        <con:settings/>
        <con:config service="http://rest-api.upskills.in" resourcePath="/api/rest_admin/login" methodName="Login 1" xsi:type="con:RestRequestStep" xmlns:xsi="http://www.w3.org/2001/XMLSchema-instance">
          <con:restRequest name="Login" id="4384f392-fac4-4d2a-b5fc-b63b9c0ebfa4" mediaType="application/json" postQueryString="false">
            <con:settings>
              <con:setting id="com.eviware.soapui.impl.wsdl.WsdlRequest@request-headers">&lt;xml-fragment xmlns:con="http://eviware.com/soapui/config">&#13;
  &lt;con:entry key="Authorization" value="Bearer ${#TestCase#AccessToken}"/>&#13;
  &lt;con:entry key="accept" value="application/json"/>&#13;
&lt;/xml-fragment></con:setting>
            </con:settings>
            <con:endpoint>http://rest-api.upskills.in</con:endpoint>
            <con:request>{
  "username": "${#TestCase#User}",
  "password": "${#TestCase#Password}"
}</con:request>
            <con:originalUri>http://rest-api.upskills.in/api/rest_admin/login</con:originalUri>
            <con:assertion type="Valid HTTP Status Codes" id="83756f37-e6b3-409b-8c86-326c5f542c2a" name="Valid HTTP Status Codes"><con:configuration><codes>200</codes></con:configuration></con:assertion><con:credentials>
              <con:selectedAuthProfile>No Authorization</con:selectedAuthProfile>
              <con:authType>No Authorization</con:authType>
            </con:credentials>
            <con:jmsConfig JMSDeliveryMode="PERSISTENT"/>
            <con:jmsPropertyConfig/>
            <con:parameters/>
          </con:restRequest>
        </con:config>
      </con:testStep>
      <con:properties>
        <con:property>
          <con:name>AccessToken</con:name>
          <con:value>7372b1f712a0f9165f650589484588c9e9e0a456</con:value>
        </con:property>
      <con:property><con:name>User</con:name><con:value>upskills_admin</con:value></con:property><con:property><con:name>Password</con:name><con:value>Talent4$$</con:value></con:property></con:properties>
      <con:reportParameters/>
    </con:testCase><con:testCase id="d232327e-da2d-4039-9838-73df8b1a9b10" failOnError="true" failTestCaseOnErrors="true" keepSession="false" maxResults="0" name="TC_030" searchProperties="true">
      <con:settings/>
      <con:testStep type="restrequest" name="GetToken" id="05041c52-b223-4b61-b95e-6c33dc1d42cf">
        <con:settings/>
        <con:config service="http://rest-api.upskills.in" resourcePath="/api/rest_admin/oauth2/token/client_credentials" methodName="Client_credentials 1" xsi:type="con:RestRequestStep" xmlns:xsi="http://www.w3.org/2001/XMLSchema-instance">
          <con:restRequest name="GetToken" id="cfd78c64-88eb-4e18-b032-deeeffc5f293" mediaType="application/json" postQueryString="false">
            <con:settings>
              <con:setting id="com.eviware.soapui.impl.wsdl.WsdlRequest@request-headers">&lt;xml-fragment xmlns:con="http://eviware.com/soapui/config">&#13;
  &lt;con:entry key="Authorization" value="Basic dXBza2lsbHNfcmVzdF9hZG1pbl9vYXV0aF9jbGllbnQ6dXBza2lsbHNfcmVzdF9hZG1pbl9vYXV0aF9zZWNyZXQ="/>&#13;
  &lt;con:entry key="Authorization" value="Basic dXBza2lsbHNfcmVzdF9hZG1pbl9vYXV0aF9jbGllbnQ6dXBza2lsbHNfcmVzdF9hZG1pbl9vYXV0aF9zZWNyZXQ="/>&#13;
&lt;/xml-fragment></con:setting>
            </con:settings>
            <con:endpoint>http://rest-api.upskills.in</con:endpoint>
            <con:request/>
            <con:originalUri>http://rest-api.upskills.in/api/rest_admin/oauth2/token/client_credentials</con:originalUri>
            <con:assertion type="Valid HTTP Status Codes" id="d50588e0-55a8-49eb-b476-6ff5a2acd844" name="Valid HTTP Status Codes">
              <con:settings/>
              <con:configuration>
                <codes>200</codes>
              </con:configuration>
            </con:assertion>
            <con:assertion type="GroovyScriptAssertion" id="a1c2f967-1c80-4d10-ae1f-bfae28c49cf2" name="Script Assertion">
              <con:configuration><scriptText>def json = new groovy.json.JsonSlurper().parseText(context.response)
def token = json.data.access_token
context.testCase.setPropertyValue('AccessToken', token)
context.testCase.testSuite.project.setPropertyValue('AccessToken', token)
log.info context.testCase.getPropertyValue('AccessToken')</scriptText></con:configuration>
            </con:assertion>
            <con:credentials>
              <con:selectedAuthProfile>No Authorization</con:selectedAuthProfile>
              <con:authType>No Authorization</con:authType>
            </con:credentials>
            <con:jmsConfig JMSDeliveryMode="PERSISTENT"/>
            <con:jmsPropertyConfig/>
            <con:parameters/>
          </con:restRequest>
        </con:config>
      </con:testStep>
      <con:testStep type="groovy" name="GetLoginDetails" id="99625aef-6de7-454c-83e2-c8ebdb204651">
        <con:settings/>
        <con:config><script>

import jxl.*                             
import jxl.write.*
import jxl.read.biff.BiffException;
groovyutils = new com.eviware.soapui.support.GroovyUtils(context)
projectpath = groovyutils.projectPath

Workbook wk = Workbook.getWorkbook(new File(projectpath+"\\login.xls"));
def s1 = wk.getSheet(0);
def r = s1.getRows();
def Cell c= s1.getCell(0, 0) 
def Cell d= s1.getCell(1, 0) 
context.testCase.setPropertyValue('User',c.getContents())
context.testCase.setPropertyValue('Password',d.getContents())
wk.close()



</script></con:config>
      </con:testStep>
      <con:testStep type="restrequest" name="Login" id="aaf9eef4-3707-4510-a628-f92a1699cbaa">
        <con:settings/>
        <con:config service="http://rest-api.upskills.in" resourcePath="/api/rest_admin/login" methodName="Login 1" xsi:type="con:RestRequestStep" xmlns:xsi="http://www.w3.org/2001/XMLSchema-instance">
          <con:restRequest name="Login" id="4384f392-fac4-4d2a-b5fc-b63b9c0ebfa4" mediaType="application/json" postQueryString="false">
            <con:settings>
              <con:setting id="com.eviware.soapui.impl.wsdl.WsdlRequest@request-headers">&lt;xml-fragment xmlns:con="http://eviware.com/soapui/config">&#13;
  &lt;con:entry key="Authorization" value="Bearer ${#TestCase#AccessToken}"/>&#13;
  &lt;con:entry key="accept" value="application/json"/>&#13;
&lt;/xml-fragment></con:setting>
            </con:settings>
            <con:endpoint>http://rest-api.upskills.in</con:endpoint>
            <con:request>{
  "username": "${#TestCase#User}",
  "password": "${#TestCase#Password}"
}</con:request>
            <con:originalUri>http://rest-api.upskills.in/api/rest_admin/login</con:originalUri>
            <con:assertion type="Valid HTTP Status Codes" id="83756f37-e6b3-409b-8c86-326c5f542c2a" name="Valid HTTP Status Codes"><con:configuration><codes>200</codes></con:configuration></con:assertion><con:credentials>
              <con:selectedAuthProfile>No Authorization</con:selectedAuthProfile>
              <con:authType>No Authorization</con:authType>
            </con:credentials>
            <con:jmsConfig JMSDeliveryMode="PERSISTENT"/>
            <con:jmsPropertyConfig/>
            <con:parameters/>
          </con:restRequest>
        </con:config>
      </con:testStep>
      <con:testStep type="restrequest" name="CreateCustomer" id="55e562f8-629b-42a0-b83a-c47866ae10c8"><con:settings/><con:config service="http://rest-api.upskills.in" resourcePath="/api/rest_admin/customers" methodName="Customers 1" xsi:type="con:RestRequestStep" xmlns:xsi="http://www.w3.org/2001/XMLSchema-instance"><con:restRequest name="CreateCustomer" id="28bb4f5e-9243-4f8e-9449-135359deaf27" mediaType="application/json" postQueryString="false"><con:settings><con:setting id="com.eviware.soapui.impl.wsdl.WsdlRequest@request-headers">&lt;xml-fragment xmlns:con="http://eviware.com/soapui/config">&#13;
  &lt;con:entry key="Authorization" value="Bearer ${#TestCase#AccessToken}"/>&#13;
  &lt;con:entry key="Content-Type" value="application/json"/>&#13;
&lt;/xml-fragment></con:setting></con:settings><con:endpoint>http://rest-api.upskills.in</con:endpoint><con:request>{
  "firstname": "Demo",
  "lastname": "User",
  "email": "Somu@gmail.com",
  "password": "password",
  "confirm": "password",
  "telephone": "1-541-754-3010",
  "fax": "1-541-754-3010",
  "newsletter": "1",
  "status": "1",
  "approved": "1",
  "safe": "1",
  "customer_group_id": "1",
  "custom_field": {
    "1": "1985-02-01",
    "2": "2"
  },
  "address": [
    {
      "firstname": "Demo",
      "lastname": "User",
      "company": "XYZ LTD.",
      "city": "Berlin",
      "address_1": "Demo street",
      "country_id": "81",
      "postcode": "1111",
      "zone_id": "1256",
      "address_2": "Long street 33",
      "address_id": "10",
      "default": "1",
      "custom_field": {
        "3": "https://rest-api.upskills.in"
      }
    }
  ],
  "affiliate": {
    "company": "company",
    "website": "http://somu.com",
    "tracking": "Somu number",
    "commission": "4",
    "tax": "99998888",
    "cheque": "Demo",
    "paypal": "demo@demo.com",
    "bank_name": "Bank Name",
    "bank_branch_number": "ABA/BSB number (Branch Number)",
    "bank_swift_code": "SWIFT Code",
    "bank_account_name": "Account Name",
    "bank_account_number": "Account Number",
    "status": "1",
    "payment": "paypal",
    "custom_field": {
      "1": "custom field"
    }
  }
}</con:request><con:originalUri>http://rest-api.upskills.in/api/rest_admin/customers</con:originalUri><con:assertion type="GroovyScriptAssertion" id="78544568-9ced-434a-b856-ac27ad65f4aa" name="Script Assertion"><con:configuration><scriptText>

import jxl.*                             
import jxl.write.*
import jxl.read.*
import java.io.*



groovyutils = new com.eviware.soapui.support.GroovyUtils(context)
projectpath = groovyutils.projectPath
WritableWorkbook workbook1 = Workbook.createWorkbook(new File(projectpath+"\\Myfile.xls"))
WritableSheet sheet1 = workbook1.createSheet("Worksheet Number 1", 0)
log.info(sheet1.isHidden())

def json = new groovy.json.JsonSlurper().parseText(context.response)
def id = json.data.id

log.info id


sheet1.addCell(new Label(2, 0, "CustomerId"));
sheet1.addCell(new Label(2, 1, id.toString()));
workbook1.write()
workbook1.close()


</scriptText></con:configuration></con:assertion><con:credentials><con:authType>No Authorization</con:authType></con:credentials><con:jmsConfig JMSDeliveryMode="PERSISTENT"/><con:jmsPropertyConfig/><con:parameters/></con:restRequest></con:config></con:testStep><con:properties>
        <con:property>
          <con:name>AccessToken</con:name>
          <con:value>a83292366884bdd97202794804102c025109060c</con:value>
        </con:property>
      <con:property><con:name>User</con:name><con:value>upskills_admin</con:value></con:property><con:property><con:name>Password</con:name><con:value>Talent4$$</con:value></con:property></con:properties>
      <con:reportParameters/>
    </con:testCase><con:properties/>
    <con:reportParameters/>
  </con:testSuite>
  <con:properties>
    <con:property>
      <con:name>AccessToken</con:name>
      <con:value>a83292366884bdd97202794804102c025109060c</con:value>
    </con:property>
  </con:properties>
  <con:wssContainer/>
  <con:databaseConnectionContainer/>
  <con:jmsConnectionContainer/>
  <con:oAuth2ProfileContainer/>
  <con:oAuth1ProfileContainer/>
  <con:reporting>
    <con:xmlTemplates/>
    <con:parameters/>
  </con:reporting>
  <con:sensitiveInformation/>
  <con:authRepository/>
  <con:tags/>
</con:soapui-project>